[
    {
        "building_name": "Lee Garden One 利園一期",
        "detail": [
            {
                "description": "This Business Centre situated in Causeway Bay is the beginning of your new journey and is surrounded by top-notch retail and dining destinations. The modern high-rise building has allocated four floors to this provider, which includes stunning lounges, well-equipped conference rooms, and stylish private offices. Transportation is easy with Causeway Bay Station's metro and several nearby bus stops. This workspace at Lee Garden One will make a significant mark in the city's skyline and help you to flourish and succeed.",
                "operator_desc_locale": "WeWork is a global network of workspaces where companies grow together. At this convenient address, discover floors of co-working and private offices that cater to needs you didn't even know you had. Our spaces are designed to promote productivity whether you're a team of one or 100, and month-to-month flexibility means your space is just as agile as you are. Plus, one all-inclusive rate makes things easy. Any workspace can have a lounge, but ours are decorated with custom murals. Your old office might have had a coffee pot, but ours has a micro-roasted coffee bar and fresh fruit water. We've considered every detail so you can focus on your business. Beyond desks, staff and amenities, find a community of forward-thinking companies and in-house events that connect you organically. For more information, please email us at <a href=\"mailto:enquiryww@wework.hk\">enquiryww@wework.hk</a>",
                "name_locale": "WeWork",
                "street_name": "33 Hysan Avenue",
                "area_name": "Causeway Bay",
                "utilities_text": "Conference Rooms, Furnitured, Micro-roasted Coffee, Nursery Room, Onsite Staff, 24 hours access",
                "images": [
                    "https://sharedoffices.s3.ap-southeast-1.amazonaws.com/prjfszudxcaezzpdcpkt.webp",
                    "https://sharedoffices.s3.ap-southeast-1.amazonaws.com/mswzzxuordaizzdkhnbh.webp",
                    "https://sharedoffices.s3.ap-southeast-1.amazonaws.com/tlzwiblsoscieerssbal.webp",
                    "https://sharedoffices.s3.ap-southeast-1.amazonaws.com/oxpjhgtnyabzeioemmuh.webp",
                    "https://sharedoffices.s3.ap-southeast-1.amazonaws.com/ityykaicevtizqgnhadp.webp",
                    "https://sharedoffices.s3.ap-southeast-1.amazonaws.com/nefkrdzpnpamyxfijgfp.webp",
                    "https://sharedoffices.s3.ap-southeast-1.amazonaws.com/lgrturjmybybezicqljz.webp",
                    "https://sharedoffices.s3.ap-southeast-1.amazonaws.com/ooubcdxtcrtwomyyacyo.webp",
                    "https://sharedoffices.s3.ap-southeast-1.amazonaws.com/hkfpcuxwpykdjkdtumua.webp",
                    "https://sharedoffices.s3.ap-southeast-1.amazonaws.com/zvjjyszyklzwbiolkcpi.webp",
                    "https://sharedoffices.s3.ap-southeast-1.amazonaws.com/zminwkzohffwxlebmrec.webp",
                    "https://sharedoffices.s3.ap-southeast-1.amazonaws.com/ptxgyifiicrypxafyjbp.webp",
                    "https://sharedoffices.s3.ap-southeast-1.amazonaws.com/dzazoywnlduoytlgzmdh.webp",
                    "https://sharedoffices.s3.ap-southeast-1.amazonaws.com/pfoxgkyfeiohooamrsrj.webp",
                    "https://sharedoffices.s3.ap-southeast-1.amazonaws.com/fxcwutyxedehvenpzpmn.webp"
                ],
                "area": "65660",
                "capacity": "820",
                "branch_counts": 6,
                "name": "WeWork",
                "intl_suite_min": "3800.00",
                "intl_suite_max": "10000.00",
                "wnd_suite_rate1": null,
                "wnd_suite_rate2": null,
                "float_rate_full": "3800.00",
                "fixed_rate_full": "6200.00"
            }
        ],
        "meeting_rooms": [
            {
                "type_text": "Meeting Rm",
                "seat_count": 4,
                "area": null,
                "viewing_text": "No Window",
                "hourly_rate": null,
                "full_day_rate": null,
                "remark": null,
                "images": []
            },
            {
                "type_text": "Boardroom",
                "seat_count": 12,
                "area": null,
                "viewing_text": "City View",
                "hourly_rate": null,
                "full_day_rate": null,
                "remark": null,
                "images": [
                    "https://sharedoffices.s3.ap-southeast-1.amazonaws.com/qmsnktjwjpjfijfpwbta.webp"
                ]
            }
        ],
        "service_rooms": [
            {
                "type_text": "Standard Room (Win)",
                "desks": "17-21",
                "area_range": "700-710",
                "viewing_text": "City View",
                "monthly_rental_1": 102600,
                "monthly_rental_2": 210000,
                "images": [
                    "https://sharedoffices.s3.ap-southeast-1.amazonaws.com/ltwjmviotggzmvjkxgtx.webp"
                ]
            },
            {
                "type_text": "Standard Room (Win)",
                "desks": "13-16",
                "area_range": "500-682",
                "viewing_text": "City View",
                "monthly_rental_1": 74100,
                "monthly_rental_2": 160000,
                "images": []
            },
            {
                "type_text": "Standard Room (Win)",
                "desks": "9-12",
                "area_range": "367-400",
                "viewing_text": "City View",
                "monthly_rental_1": 57000,
                "monthly_rental_2": 120000,
                "images": []
            },
            {
                "type_text": "Standard Room (Win)",
                "desks": "7-8",
                "area_range": "285-290",
                "viewing_text": "City View",
                "monthly_rental_1": 39900,
                "monthly_rental_2": 80000,
                "images": []
            },
            {
                "type_text": "Standard Room (Win)",
                "desks": "3-6",
                "area_range": "183-265",
                "viewing_text": "City View",
                "monthly_rental_1": 17100,
                "monthly_rental_2": 60000,
                "images": []
            },
            {
                "type_text": "Standard Room (Int)",
                "desks": "4-6",
                "area_range": "105-240",
                "viewing_text": "No Window",
                "monthly_rental_1": 20400,
                "monthly_rental_2": 55000,
                "images": [
                    "https://sharedoffices.s3.ap-southeast-1.amazonaws.com/jrniswixddcjiqtohmdb.webp",
                    "https://sharedoffices.s3.ap-southeast-1.amazonaws.com/lzblrzgjlavhnfxyhker.webp",
                    "https://sharedoffices.s3.ap-southeast-1.amazonaws.com/kxoxfliewcrntnsoyqzd.webp"
                ]
            },
            {
                "type_text": "Standard Room (Int)",
                "desks": "2-3",
                "area_range": "65-160",
                "viewing_text": "No Window",
                "monthly_rental_1": 10200,
                "monthly_rental_2": 27000,
                "images": []
            },
            {
                "type_text": "Room in Room (Win)",
                "desks": "40-65",
                "area_range": 2181,
                "viewing_text": "City View",
                "monthly_rental_1": 290073,
                "monthly_rental_2": 348088,
                "images": []
            },
            {
                "type_text": "Room in Room (Win)",
                "desks": "31-39",
                "area_range": "948-1363",
                "viewing_text": "City View",
                "monthly_rental_1": 128000,
                "monthly_rental_2": 217535,
                "images": [
                    "https://sharedoffices.s3.ap-southeast-1.amazonaws.com/hpwtowlxneqteblpcsqw.webp",
                    "https://sharedoffices.s3.ap-southeast-1.amazonaws.com/zbxuqryrkrfhtpsrqrak.webp"
                ]
            },
            {
                "type_text": "Room in Room (Win)",
                "desks": "22-30",
                "area_range": "781-1023",
                "viewing_text": "City View",
                "monthly_rental_1": 103873,
                "monthly_rental_2": 163271,
                "images": []
            }
        ],
        "building_info": [
            {
                "building_type_text": "Office",
                "age": "26",
                "grade": "A++",
                "last_updated": "2023-09-13 07:51:34",
                "building_ownership": "Single Landlord",
                "has_carparking": true,
                "carparking": {
                    "has_monthly": 1,
                    "monthly_float_fee": "$4850",
                    "monthly_fixed_fee": "$5200",
                    "has_hourly": 1,
                    "hourly_fee": "32",
                    "has_daily": 0,
                    "daily_fee": "",
                    "is_public": "1",
                    "has_ev_charging": "1",
                    "ev_charging_no": "0",
                    "has_dropoff": "1",
                    "has_loading": "0",
                    "has_car_lift": "0",
                    "mgt_co": ""
                },
                "year": "1997",
                "highest_floor": "50",
                "comment_auto": "Lee Garden One (Former name: Manulife Plaza) is a 39-storey triple A skyscraper and landmark, the tenth tallest commercial building in Hong Kong reaching 240m,  situated in 33 Hysan Avenue just 5-mins walk from Causeway Bay MTR station (Exit F1).  There is a retail podium beneath.  Grade A buildings like *[China Taiping Tower 2](https://www.leasinghub.com/building/china-taiping-tower-2/3952 \"China Taiping Tower 2 - office Leasing\")*, *[Biz Aura](https://www.leasinghub.com/building/biz-aura/3411 \"Biz Aura - office Leasing\")* and *[Leighton Centre](https://www.leasinghub.com/building/leighton-centre/1076 \"Leighton Centre - office Leasing\")* are in its close vicinity. \n\nIts total GFA is approximately 903,000 sq.ft..  It has 22 passenger lifts and 2 cargo lifts.  To comply with the sustainable green practices in improving energy efficiency and environmental management, Lee Garden One has achieved BEAM Plus EB V1.2 - Final Platinum rating.\n\nLee Garden One is a single ownership Commercial Building with offices of 2055 - 16158 sq.ft. on lettable  available for rent at around HK$66 - 76 per sq.ft..   Occupiers are mostly from Insurance, Innovation & Technology, Asset Management, Securities and Co-working. **[Click Here](https://www.leasinghub.com/office/rent/building/lee-garden-one-6342 \"Lee Garden One - Full Stock Listing\")** for full stock listing in this building.\n\nFlex and serviced office solution is available from Compass Offices operating in this building. **[Click Here](https://www.leasinghub.com/cowork/lee-garden-one/compass-offices-68 \"Coworking Space in Lee Garden One by Compass Offices\")** for rates and promotional packages.",
                "floor_system_text": "Underfloor trunking",
                "lifts": {
                    "cargo": 2,
                    "service": 0,
                    "passenger": 22
                },
                "ac_systems": {
                    "ac_type": "2",
                    "ac_weekday_open": "08:00",
                    "ac_weekday_close": "19:00",
                    "ac_sat_open": "08:00",
                    "ac_sat_close": "13:30",
                    "ac_sun_open": null,
                    "ac_sun_close": null,
                    "ac_extra": null,
                    "ac_server": null,
                    "ac_server_fee": null
                },
                "ac_type_text": "Central A/C (V.A.V.)",
                "ceil_false": "2.50",
                "mtrs_nearby": [
                    {
                        "name": "Causeway Bay",
                        "name_locale": "Causeway Bay",
                        "distance": "5-mins",
                        "station_exit": "F1"
                    }
                ],
                "floor_plan": [
                    "https://sharedoffices.s3.ap-southeast-1.amazonaws.com/bixutfferbmhqqotzhux.webp",
                    "https://sharedoffices.s3.ap-southeast-1.amazonaws.com/artedotxvkznxjmtarws.webp",
                    "https://sharedoffices.s3.ap-southeast-1.amazonaws.com/xlnhcebyaiqcgwkvvbba.webp",
                    "https://sharedoffices.s3.ap-southeast-1.amazonaws.com/fmogkyvomqvknrdisizy.webp"
                ],
                "images": [
                    "https://sharedoffices.s3.ap-southeast-1.amazonaws.com/txrntpjhrzggvjqystuv.webp",
                    "https://sharedoffices.s3.ap-southeast-1.amazonaws.com/mxzqcbojfuegbzcbyqyi.webp",
                    "https://sharedoffices.s3.ap-southeast-1.amazonaws.com/ebuinlmwwyzezyfcadni.webp",
                    "https://sharedoffices.s3.ap-southeast-1.amazonaws.com/ugwzvxgofstitdoozquk.webp",
                    "https://sharedoffices.s3.ap-southeast-1.amazonaws.com/xsmtgmnzopzlcnsqqaqh.webp",
                    "https://sharedoffices.s3.ap-southeast-1.amazonaws.com/gjjzgomubawimwdnpouv.webp",
                    "https://sharedoffices.s3.ap-southeast-1.amazonaws.com/trhbadqbyvwmfupcnmfa.webp",
                    "https://sharedoffices.s3.ap-southeast-1.amazonaws.com/mksnvnqidhboohnwjnft.webp",
                    "https://sharedoffices.s3.ap-southeast-1.amazonaws.com/kahfrfuojrijwogalyms.webp",
                    "https://sharedoffices.s3.ap-southeast-1.amazonaws.com/lpfytfikysedmexlsvfi.webp",
                    "https://sharedoffices.s3.ap-southeast-1.amazonaws.com/vdqjponxsxfsfgjxucwy.webp",
                    "https://sharedoffices.s3.ap-southeast-1.amazonaws.com/jpytqxaeckaujhoxihxm.webp",
                    "https://sharedoffices.s3.ap-southeast-1.amazonaws.com/spcdecgklmtvcxvgswym.webp",
                    "https://sharedoffices.s3.ap-southeast-1.amazonaws.com/ikhphvwrccgsgfdxbdqk.webp",
                    "https://sharedoffices.s3.ap-southeast-1.amazonaws.com/sivlpeaznxpuwykdxtlw.webp"
                ]
            }
        ]
    }
]